,Model,Population,Target,Bin,Alpha,Score,P-value
0,ridge,adhd,WISC_FSIQ,Bin 1,9501,0.3137725554838231,0.001996007984031936
1,ridge,adhd,WISC_FSIQ,Bin 2,9901,0.23953959133912786,0.003992015968063872
2,ridge,adhd,WISC_VSI,Bin 1,9901,0.30850516334860606,0.001996007984031936
3,ridge,adhd,WISC_VSI,Bin 2,9901,0.16415319061524983,0.043912175648702596
4,ridge,adhd,WISC_VCI,Bin 1,1,0.28201549685709587,0.005988023952095809
5,ridge,adhd,WISC_VCI,Bin 2,9901,0.24232268509855587,0.003992015968063872
6,ridge,adhd,WISC_FRI,Bin 1,9901,0.28141367135481526,0.001996007984031936
7,ridge,adhd,WISC_FRI,Bin 2,9901,0.196119861713247,0.017964071856287425
8,ridge,adhd,WISC_WMI,Bin 1,1,0.10433758585590497,0.13572854291417166
9,ridge,adhd,WISC_WMI,Bin 2,1,0.20271830376673156,0.015968063872255488
10,ridge,adhd,WISC_PSI,Bin 1,1,-0.08654012799292672,0.8323353293413174
11,ridge,adhd,WISC_PSI,Bin 2,1,-0.0037611910728169704,0.5369261477045908
