,Model,Population,Target,Bin,Alpha,Score,P-value
0,ridge,healthy,WISC_FSIQ,All,1,0.04472969424801074,0.4151696606786427
1,ridge,healthy,WISC_VSI,All,1,0.1277211885277093,0.17165668662674652
2,ridge,healthy,WISC_VCI,All,9901,0.24235479465037602,0.01996007984031936
3,ridge,healthy,WISC_FRI,All,1,-0.06855661626976688,0.7245508982035929
4,ridge,healthy,WISC_WMI,All,3201,0.13147188679992586,0.17564870259481039
5,ridge,healthy,WISC_PSI,All,1,-0.005732577594253122,0.5449101796407185
