,Model,Target,Train,Test,Score,P-value,Population,Num Permutations
0,ridge,WISC_FSIQ,Healthy,Healthy,0.043779224699541056,0.3373253493013972,Healthy,500
1,ridge,WISC_FSIQ,Healthy,ADHD_One,0.09425698988293191,0.13972055888223553,Healthy,500
2,ridge,WISC_FSIQ,Healthy,ADHD_Two,0.07170077163992346,0.23353293413173654,Healthy,500
3,ridge,WISC_FSIQ,ADHD_One,ADHD_One,0.10148815268205456,0.2435129740518962,ADHD_One,500
4,ridge,WISC_FSIQ,ADHD_One,ADHD_Two,0.1681408798771501,0.03792415169660679,ADHD_One,500
5,ridge,WISC_FSIQ,ADHD_One,Healthy,0.09148191803247427,0.1437125748502994,ADHD_One,500
6,ridge,WISC_FSIQ,ADHD_Two,ADHD_Two,-0.02304309557880806,0.5708582834331337,ADHD_Two,500
7,ridge,WISC_FSIQ,ADHD_Two,Healthy,0.06112658979552133,0.2634730538922156,ADHD_Two,500
8,ridge,WISC_FSIQ,ADHD_Two,ADHD_One,0.13806759803447394,0.04590818363273453,ADHD_Two,500
