,Model,Population,Target,Bin,Alpha,Score,P-value,FDR
0,ridge,adhd,WISC_FSIQ,Bin 1,6401,0.320189530708706,0.0019960079840319,True
1,ridge,adhd,WISC_FSIQ,Bin 2,9901,0.1913305925004934,0.0259481037924151,True
2,ridge,adhd,WISC_VSI,Bin 1,9901,0.3133297839323701,0.0019960079840319,True
3,ridge,adhd,WISC_VSI,Bin 2,9901,0.1820578822993848,0.0319361277445109,True
4,ridge,adhd,WISC_VCI,Bin 1,701,0.2925240799551478,0.0019960079840319,True
5,ridge,adhd,WISC_VCI,Bin 2,9901,0.2198861633627958,0.0119760479041916,True
6,ridge,adhd,WISC_FRI,Bin 1,9901,0.2095373177398461,0.0099800399201596,True
7,ridge,adhd,WISC_FRI,Bin 2,7301,0.1867336796309727,0.0219560878243512,True
8,ridge,adhd,WISC_WMI,Bin 1,1,0.1006420269755472,0.1437125748502994,False
9,ridge,adhd,WISC_WMI,Bin 2,1,0.1501706720662118,0.0738522954091816,False
10,ridge,adhd,WISC_PSI,Bin 1,1,-0.1072180132288804,0.8682634730538922,False
11,ridge,adhd,WISC_PSI,Bin 2,301,-0.0323231636723696,0.6666666666666666,False
