,Model,Population,Target,Bin,Alpha,Score,P-value,Max-stat
0,ridge,adhd,WISC_FSIQ,Bin 2 Equal,9901,0.3726858259283223,0.0019960079840319,True
1,ridge,adhd,WISC_VSI,Bin 2 Equal,9901,0.2740258297315804,0.0099800399201596,True
2,ridge,adhd,WISC_VCI,Bin 2 Equal,6901,0.365170931182106,0.0019960079840319,True
3,ridge,adhd,WISC_FRI,Bin 2 Equal,9201,0.30226867233259,0.0059880239520958,True
4,ridge,adhd,WISC_WMI,Bin 2 Equal,9901,0.3498014775487874,0.0019960079840319,True
5,ridge,adhd,WISC_PSI,Bin 2 Equal,9901,0.0416168537430527,0.3772455089820359,False
