,Model,Population,Target,Bin,Alpha,Score,P-value
0,ridge,adhd,WISC_FSIQ,Bin 1,6401,0.32018953070870604,0.001996007984031936
1,ridge,adhd,WISC_FSIQ,Bin 2,9901,0.19133059250049342,0.02594810379241517
2,ridge,adhd,WISC_VSI,Bin 1,9901,0.3133297839323701,0.001996007984031936
3,ridge,adhd,WISC_VSI,Bin 2,9901,0.18205788229938485,0.031936127744510975
4,ridge,adhd,WISC_VCI,Bin 1,701,0.2925240799551478,0.001996007984031936
5,ridge,adhd,WISC_VCI,Bin 2,9901,0.21988616336279587,0.011976047904191617
6,ridge,adhd,WISC_FRI,Bin 1,9901,0.20953731773984616,0.00998003992015968
7,ridge,adhd,WISC_FRI,Bin 2,7301,0.18673367963097276,0.021956087824351298
8,ridge,adhd,WISC_WMI,Bin 1,1,0.10064202697554725,0.1437125748502994
9,ridge,adhd,WISC_WMI,Bin 2,1,0.15017067206621182,0.07385229540918163
10,ridge,adhd,WISC_PSI,Bin 1,1,-0.10721801322888043,0.8682634730538922
11,ridge,adhd,WISC_PSI,Bin 2,301,-0.03232316367236967,0.6666666666666666
