,Model,Population,Target,Bin,Alpha,Score,P-value
0,ridge,adhd,WISC_FSIQ,Bin 1,1,0.23266355180978804,0.017964071856287425
1,ridge,adhd,WISC_FSIQ,Bin 2,1,0.7317545639926982,0.001996007984031936
2,ridge,adhd,WISC_FSIQ,Bin 3,1,0.10117384539913628,0.19760479041916168
3,ridge,adhd,WISC_VSI,Bin 1,8301,0.231085345786546,0.029940119760479042
4,ridge,adhd,WISC_VSI,Bin 2,201,0.6914002729051886,0.001996007984031936
5,ridge,adhd,WISC_VSI,Bin 3,3601,0.09132644440300146,0.249500998003992
6,ridge,adhd,WISC_VCI,Bin 1,1,0.1600729621821046,0.09780439121756487
7,ridge,adhd,WISC_VCI,Bin 2,1,0.7077231587250307,0.001996007984031936
8,ridge,adhd,WISC_VCI,Bin 3,2301,0.1299047927159671,0.1157684630738523
9,ridge,adhd,WISC_FRI,Bin 1,9901,0.0397517854013919,0.3872255489021956
10,ridge,adhd,WISC_FRI,Bin 2,1,0.7707913938100339,0.001996007984031936
11,ridge,adhd,WISC_FRI,Bin 3,9501,0.04047218756019946,0.3712574850299401
12,ridge,adhd,WISC_WMI,Bin 1,1,0.0764857059899609,0.26746506986027946
13,ridge,adhd,WISC_WMI,Bin 2,1,0.6333590121881761,0.001996007984031936
14,ridge,adhd,WISC_WMI,Bin 3,9901,0.12539679739148224,0.14171656686626746
15,ridge,adhd,WISC_PSI,Bin 1,1,-0.07447393451172364,0.7245508982035929
16,ridge,adhd,WISC_PSI,Bin 2,1001,0.6832267698181728,0.001996007984031936
17,ridge,adhd,WISC_PSI,Bin 3,1,0.053087643832681886,0.2994011976047904
