,Model,Population,Target,Bin,Alpha,Score,P-value
0,ridge,adhd,WISC_FSIQ,Bin 2 Equal,9901,0.37268582592832233,0.001996007984031936
1,ridge,adhd,WISC_VSI,Bin 2 Equal,9901,0.27402582973158046,0.00998003992015968
2,ridge,adhd,WISC_VCI,Bin 2 Equal,6901,0.36517093118210603,0.001996007984031936
3,ridge,adhd,WISC_FRI,Bin 2 Equal,9201,0.30226867233259,0.005988023952095809
4,ridge,adhd,WISC_WMI,Bin 2 Equal,9901,0.34980147754878743,0.001996007984031936
5,ridge,adhd,WISC_PSI,Bin 2 Equal,9901,0.04161685374305273,0.3772455089820359
