0,ridge,healthy,WISC_FSIQ,All,1,0.03649812587586866
1,ridge,healthy,WISC_VSI,All,1,0.12715840734542766
2,ridge,healthy,WISC_VCI,All,9901,0.24395247322565755
3,ridge,healthy,WISC_FRI,All,1,-0.06909279808880493
4,ridge,healthy,WISC_WMI,All,9901,0.1193958291669926
5,ridge,healthy,WISC_PSI,All,1,-0.048414619120956175
