,Model,Population,Target,Bin,Alpha,Score,P-value
0,ridge,healthy,WISC_FSIQ,All,1,0.056158398861479206,0.3592814371257485
1,ridge,healthy,WISC_VSI,All,1,0.09355815211336732,0.2634730538922156
2,ridge,healthy,WISC_VCI,All,9901,0.1772457009495313,0.06387225548902195
3,ridge,healthy,WISC_FRI,All,1,-0.0836380057492299,0.7784431137724551
4,ridge,healthy,WISC_WMI,All,9901,0.13207730839703768,0.16966067864271456
5,ridge,healthy,WISC_PSI,All,1,-0.01748252351756768,0.5828343313373253
