,Model,Population,Target,Bin,Alpha,Score,P-value,Max-stat
0,ridge,healthy,WISC_FSIQ,All,1,0.0397976102511062,0.4171656686626746,False
1,ridge,healthy,WISC_VSI,All,1,0.1618137000118768,0.1077844311377245,False
2,ridge,healthy,WISC_VCI,All,9901,0.196704856115268,0.0518962075848303,False
3,ridge,healthy,WISC_FRI,All,1,-0.0728388018118635,0.7345309381237525,False
4,ridge,healthy,WISC_WMI,All,9901,0.1169865903252113,0.2135728542914171,False
5,ridge,healthy,WISC_PSI,All,1,-0.0560804881931483,0.6986027944111777,False
