,Model,Population,Target,Bin,Alpha,Score,P-value
0,ridge,healthy,WISC_FSIQ,All,1,0.051277769710317944,0.3872255489021956
1,ridge,healthy,WISC_VSI,All,1,0.13605286742435985,0.16167664670658682
2,ridge,healthy,WISC_VCI,All,1001,0.25563466718244443,0.017964071856287425
3,ridge,healthy,WISC_FRI,All,1,-0.07004159329339799,0.7445109780439122
4,ridge,healthy,WISC_WMI,All,3001,0.12885895845522213,0.18163672654690619
5,ridge,healthy,WISC_PSI,All,1,-0.03615201130139451,0.6427145708582834
