,Model,Population,Target,Bin,Alpha,Score,P-value,FDR
0,ridge,healthy,WISC_FSIQ,All,5000,0.0140474973163114,0.4865134865134865,False
1,ridge,healthy,WISC_VSI,All,5000,0.0741192846429117,0.2837162837162837,False
2,ridge,healthy,WISC_VCI,All,10000,0.2083118840551309,0.0439560439560439,False
3,ridge,healthy,WISC_FRI,All,5000,-0.0999992263078024,0.7952047952047953,False
4,ridge,healthy,WISC_WMI,All,20000,0.1220024857598545,0.1678321678321678,False
5,ridge,healthy,WISC_PSI,All,5000,-0.0253160614351353,0.6113886113886113,False
