,Model,Population,Target,Bin,Score,P-value,FDR,Max-stat
0,pls,healthy,WISC_FSIQ,All,0.0413187586749244,0.3886113886113886,False,False
1,pls,healthy,WISC_VSI,All,0.1445271320822533,0.1298701298701298,False,False
2,pls,healthy,WISC_VCI,All,0.2251712389873049,0.0359640359640359,False,True
3,pls,healthy,WISC_FRI,All,-0.068251333057888,0.7372627372627373,False,False
4,pls,healthy,WISC_WMI,All,0.0778023206826058,0.2597402597402597,False,False
5,pls,healthy,WISC_PSI,All,-0.099712360195586,0.7912087912087912,False,False
