,Model,Population,Target,Bin,Score,P-value,Max-stat
0,pls,adhd,WISC_FSIQ,Bin 2 Equal,0.4491841116126827,0.0019960079840319,True
1,pls,adhd,WISC_VSI,Bin 2 Equal,0.1446567830422995,0.1217564870259481,False
2,pls,adhd,WISC_VCI,Bin 2 Equal,0.411203191954623,0.0019960079840319,True
3,pls,adhd,WISC_FRI,Bin 2 Equal,0.3712388332006827,0.0019960079840319,True
4,pls,adhd,WISC_WMI,Bin 2 Equal,0.3291763002361479,0.0079840319361277,True
5,pls,adhd,WISC_PSI,Bin 2 Equal,0.1775488689394752,0.0678642714570858,False
