0,pls,healthy,WISC_FSIQ,All,0.053455548841894907
1,pls,healthy,WISC_VSI,All,0.1159526196215209
2,pls,healthy,WISC_VCI,All,0.24470233655032808
3,pls,healthy,WISC_FRI,All,-0.10988945686470723
4,pls,healthy,WISC_WMI,All,0.08617518866321351
5,pls,healthy,WISC_PSI,All,-0.09936570873375464
