,Model,Population,Target,Bin,Alpha,Score,P-value
0,ridge,healthy,WISC_FSIQ,All,5000,0.014047497316311441,0.4865134865134865
1,ridge,healthy,WISC_VSI,All,5000,0.07411928464291177,0.2837162837162837
2,ridge,healthy,WISC_VCI,All,10000,0.20831188405513093,0.04395604395604396
3,ridge,healthy,WISC_FRI,All,5000,-0.09999922630780246,0.7952047952047953
4,ridge,healthy,WISC_WMI,All,20000,0.12200248575985453,0.16783216783216784
5,ridge,healthy,WISC_PSI,All,5000,-0.02531606143513538,0.6113886113886113
