,Model,Population,Target,Bin,Score,P-value
0,pls,healthy,WISC_FSIQ,All,0.041318758674924475,0.3886113886113886
1,pls,healthy,WISC_VSI,All,0.1445271320822533,0.12987012987012986
2,pls,healthy,WISC_VCI,All,0.22517123898730498,0.03596403596403597
3,pls,healthy,WISC_FRI,All,-0.06825133305788804,0.7372627372627373
4,pls,healthy,WISC_WMI,All,0.07780232068260588,0.2597402597402597
5,pls,healthy,WISC_PSI,All,-0.09971236019558605,0.7912087912087912
